反射神経,大ジャンル,ジャンル,必ずある要素(作法),よくある要素,代表作,エンジン・ライブラリ,素材の当て先,AIで自動検証,1日1本向き
要る,アクション,プラットフォーマー,足場をジャンプで渡って進む。落下・接触でミス,パワーアップ・チェックポイント・ボス,スーパーマリオ,Phaser 4(Arcade物理・TileMap)＋Tiled,Kenney / Pixel Adventure,◎ 入力記録で再現しやすい,◎
要る,アクション,ベルトスクロール,横に進みながら大量の雑魚を殴る,協力プレイ・拾える武器・ボス,ダブルドラゴン / Streets of Rage 4,Phaser 4,itch.io の格闘スプライト,○,○
要る,アクション,ステルス,見つからずに目的を達成。発見＝不利,敵の視界・音への反応・物陰,メタルギア / HITMAN,Phaser 4 / 素のcanvas＋視界判定,Kenney(トップダウン),○ 敵の視界をbotで検証,○
要る,アクション,ハンティング,大型の敵を倒して素材→装備強化,協力・部位破壊・周回,モンスターハンター,Godot 4 / Babylon.js,Quaternius / Tripo,△ 3Dは検証が重い,△
要る,アクション,サバイバルホラー,限られた資源で脅威から生き延びる。恐怖の演出,アイテム管理・謎解き・逃走,バイオハザード,Godot 4 / Three.js,Poly Haven / 効果音(環境音),△ 恐怖は人間が見る,△
要る,アクション,格闘(対戦),1対1で体力を削り合う。ラウンド制,必殺技・コンボ・対人対戦,ストリートファイター,Phaser 4(フレーム単位の当たり判定),手描き/itch.io,○ 判定は自動、手触りは人間,△
要る,シューティング,2Dシューティング,自機を操作し敵を撃ち、弾を避ける,パワーアップ・ボス・スコア・弾幕,スペースインベーダー / 東方,素のcanvas＋src/core,Kenney(Space) / WebAudio合成,◎ 入力記録・bot,◎
要る,シューティング,FPS / TPS,一人称/三人称で照準して撃つ,対戦・カバー,DOOM / フォートナイト,Babylon.js / Godot 4,Quaternius / KayKit,△,△
要る,シューティング,ヒーローシューター / バトロワ,固有スキルのキャラでチーム戦／最後の1人まで,役割分担・縮むエリア,オーバーウォッチ / PUBG,(大規模オンラインは対象外),—,△,× 1人では無理
要る,スポーツ・レース,スポーツ,実在競技のルールで得点を競う,シーズン・対戦,FIFA / Pong,素のcanvas(簡易物理) / Matter.js,Kenney(Sports),○,○ 1競技に絞れば
要る,スポーツ・レース,カートレース,アイテムで妨害し合うレース,ドリフト加速・ショートカット,マリオカート,Babylon.js / Three.js,KayKit / Kenney(Racing),○ 周回タイムをbotで,△
要る,スポーツ・レース,レースシム,実車の挙動を再現,チューニング・天候,グランツーリスモ,(対象外),—,△,× 作り込みが重すぎる
要る,音楽,リズムゲーム,曲に合わせてタイミングよく入力,ノーツ・コンボ・判定,パラッパラッパー / Beat Saber,素のcanvas＋WebAudio(時刻同期),DOVA-SYNDROME(曲の規約確認) / ElevenLabs Music,○ 判定タイミングを自動計測,○
要らない,パズル,落ち物・マッチ系,盤面の駒を揃えて消す,連鎖・スコア・ハイスコア,テトリス / ぷよぷよ,素のcanvas＋src/core,WebAudio合成・効果音ラボ,◎ ロジックを全探索できる,◎ 一番向く
要らない,パズル,倉庫番・論理パズル,1手ずつ動かして解く。解が必ずある,面クリア・手数,倉庫番 / お絵かきロジック,素のcanvas / DOM,Kenney(Puzzle),◎ ソルバーで全面解けるか検証,◎
要らない,アドベンチャー,ビジュアルノベル,文章＋立ち絵＋背景で読み進め、選択で分岐,マルチエンディング・既読スキップ,弟切草 / AI:ソムニウムファイル,DOM＋自作 / ティラノスクリプト / Ren'Py,画像AI(立ち絵の一貫性に注意) / VOICEVOX,○ 分岐の到達性を自動確認,○ 短編なら
要らない,アドベンチャー,テキストアドベンチャー,文章とコマンド入力で進む,謎解き・分岐,Zork / AIダンジョン,DOM＋自作(LLMで生成も),不要(文章のみ),◎,◎
要らない,アドベンチャー,脱出ゲーム,部屋を調べて謎を解き脱出,アイテム組み合わせ・暗号,Crimson Room,DOM / 素のcanvas,画像AI(部屋の絵) / Photoshop,○ 解法手順を自動で通す,◎
要らない,RPG,ローグライク,毎回ランダムなダンジョン。死んだら最初から,ターン制・アイテム・ローグライト化,Rogue / Hades,素のcanvas＋src/core/rng(seed)＋rot.js,Kenney(1-Bit) / ぴぽや,◎ seedで再現・botで周回,○
要らない,RPG,カードバトル / デッキ構築,カードを集めて組み、戦う,ガチャ・デッキ編成・ランダム,Slay the Spire / パズドラ,DOM / 素のcanvas,画像AI(カード絵) / Canva(枠),◎ 乱数固定で全カード検証,○
要らない,RPG,MMORPG,多人数が同じ世界で遊ぶ,ギルド・経済,FF14 / UO,(対象外),—,—,× 1人では無理
要らない,ストラテジー,ターン制ストラテジー / 4X,交互に手番。ユニットを指揮,資源・生産・技術ツリー,シヴィライゼーション,素のcanvas＋src/core,Kenney(Hexagon) / KayKit,◎ AI同士で対戦させて検証,△ 小さく作れば○
要らない,ストラテジー,タワーディフェンス,経路に塔を置いて敵の波を止める,ウェーブ・強化・資金,Bloons TD,Phaser 4 / 素のcanvas,Kenney(Tower Defense),◎ 配置パターンをbotで,◎
要る,ストラテジー,リアルタイムストラテジー,資源・建設・生産をリアルタイムで,技術ツリー・相性,Age of Empires,Phaser 4,Kenney,○,△
要る,ストラテジー,MOBA,1人1ヒーローで5対5の拠点破壊,レーン・スキル,LoL,(対象外),—,—,× 1人では無理
要らない,シミュレーション,経営・管理,資源をやりくりして施設を発展させる。勝敗は薄い,ランダムイベント・数値成長,シムシティ / カイロソフト,素のcanvas / DOM＋src/core,ぴぽや / Kenney,◎ 数値バランスを自動で回す,○
要らない,シミュレーション,生活・育成,キャラの生活や成長を見守る。目標は自由,育成・交流・季節,どうぶつの森 / プリンセスメーカー,DOM / Phaser 4,画像AI(キャラの一貫性に注意),○,○
要らない,シミュレーション,放置・クリッカー,放っておいても数値が増える,インフレ・転生,Cookie Clicker,DOM＋自作,Canva / Kenney(UI),◎,◎
要らない,テーブル,ボードゲーム,盤上でコマを動かす。元のルールに沿う,CPU対戦・ルール解説,将棋 / 世界のアソビ大全,DOM / 素のcanvas,Kenney(Boardgame),◎ CPU同士で全ルール検証,◎
要らない,テーブル,カードゲーム,トランプやオリジナルカードで遊ぶ,運と戦略・デッキ,ソリティア / Marvel Snap,DOM / 素のcanvas,Kenney(Playing Cards),◎,◎
要る,テーブル,パーティー,大人数で短いミニゲーム,すごろく・運要素,マリオパーティ,Phaser 4,Kenney,○,△ 1つのミニゲームなら○
要る,複合,アクションアドベンチャー,戦闘と探索・謎解きを両立,能力解放・広いマップ,ゼルダの伝説,Phaser 4＋Tiled(2D) / Godot 4(3D),Kenney / ぴぽや,○,△
要る,複合,アクションRPG,直接操作で戦い、経験値で強くなる,ハクスラ・装備収集,Diablo / エルデンリング,Phaser 4(2D) / Godot 4(3D),Kenney / ぴぽや / Quaternius,○,△
要らない,複合,シミュレーションRPG,マップ上でユニットを動かすターン制戦闘＋育成,レベル・装備・物語,ファイアーエムブレム,素のcanvas＋src/core,ぴぽや / 画像AI(顔絵),◎ 戦闘計算を自動検証,△
—,要素,協力プレイ(Co-op),ほぼ全ジャンルに付けられる。共通目標に協力,ローカル同時操作・オンライン,Left 4 Dead / Helldivers 2,(ローカル2人同時操作なら素のcanvasで可),—,○,△ オンラインは重い
