評価,種類,素材,出典URL,ライセンス,クレジット文,使った作品,使った回数,素材庫に保存,初回,最終
,絵,Twemoji(絵文字),https://github.com/jdecked/twemoji,CC-BY 4.0,絵文字：Twemoji（CC-BY 4.0）,metopon,1,,2026-10-03,2026-10-03
,音,魔王魂 ファミコン風効果音・8bit BGM,https://maou.audio/,魔王魂の規約(商用可・曲単体の再配布不可),音楽・効果音：魔王魂,metopon,1,,2026-10-03,2026-10-03
,声,VOICEVOX:春日部つむぎ,https://voicevox.hiroshiba.jp/,VOICEVOX・キャラごとの規約,声：VOICEVOX:春日部つむぎ,metopon,1,,2026-10-03,2026-10-03
,音,魔王魂 BGM サイバー16,https://maou.audio/bgm_cyber16/,CC BY 4.0(魔王魂の規約も可),音楽：魔王魂,obake-chochin,1,,2026-10-08,2026-10-08
,声,Open JTalk(pyopenjtalk)+ HTS Voice「Mei」,http://www.mmdagent.jp/,Mei: CC BY 3.0 / Open JTalk: 修正 BSD,"HTS Voice ""Mei"" (c) Nagoya Institute of Technology, CC BY 3.0",obake-chochin,1,,2026-10-08,2026-10-08
,音,Kenney Sci-Fi Sounds,https://kenney.nl/assets/sci-fi-sounds,CC0,不要(任意: Kenney),obake-chochin,1,,2026-10-08,2026-10-08
,文字,Google Fonts: Mochiy Pop One / M PLUS Rounded 1c,https://fonts.google.com/,SIL OFL 1.1,不要,obake-chochin,1,,2026-10-08,2026-10-08
,音,VSCO-2-CE(ピアノ・ピチカート・マリンバ・木琴・グロッケン・ハープ・打楽器),https://github.com/sgossner/VSCO-2-CE,CC0 1.0,VS Chamber Orchestra: Community Edition (Versilian Studios)(任意),kutsuzure,1,,2026-10-08,2026-10-08
,音,Kenney Impact Sounds / RPG Audio,https://kenney.nl/assets/impact-sounds,CC0 1.0,Kenney (www.kenney.nl)(任意),kutsuzure,1,,2026-10-08,2026-10-08
,音,OpenGameArt の CC0 効果音・環境音(足音・シャッター・扉・食器・ベル・朝/夕/公園/街/夜の環境音。作者は作品の CREDITS.md),https://opengameart.org/,CC0 1.0,作者名(任意),kutsuzure,1,,2026-10-08,2026-10-08
,文字,Google Fonts: Klee One,https://fonts.google.com/specimen/Klee+One,SIL OFL 1.1,Klee One © Fontworks,kutsuzure,1,,2026-10-08,2026-10-08
