ID,分野,Lv,単元,学ぶこと(最小限),作品での課題(作りながらやる),テストの形,合格の基準,状態,合格日,関連リンク
AI-1,AI運用,1,任せ方の型,ゴール・完了の形・仮決めの書き方。SPEC1枚で走らせる,次の作品のSPECを自分で書き、AIが止まらず公開まで行く,AIが途中で質問に来たかを数える,3本連続で質問ゼロ・公開まで,未,,knowledge/process-patterns.md
AI-2,AI運用,2,止める判断,過剰品質・脱線・同じ修正の繰り返しに気づくサイン,作業中に1回「止めて」を出し、理由を1行で残す,過去の作業ログから止めるべき場面を当てる(会議室が出題),5問中4問正解,未,,knowledge/process-patterns.md
AI-3,AI運用,2,文脈とトークン,何をAGENTS.mdに書き、何をmdに逃がすか。サブエージェントで結論だけ受け取る,1作品のトークン量を測って記録,自分の作品の指示ファイルを圧縮して説明する,行数を減らして同じ結果,未,,knowledge/process-patterns.md
AI-4,AI運用,3,並列運用,5本を同時に回す時の待ち行列・質問の溜め方,1週間で5作品を並行で前に進める,週次レビューの実績,1週間で5作品が前進,未,,knowledge/process-patterns.md
AI-5,AI運用,4,任せる/決めるの設計,作品ごとに「人間が決める点」を先に書く,SPECに「人間が決める点」欄を書いてから着手,判定: その通りに進んだ率,8割以上,未,,knowledge/process-patterns.md
AI-6,AI運用,6,新モデルの取り込み,新モデルが出たら1週間以内に試して使い分けを更新,ai-models.mdの更新を自分でやる,発表から更新までの日数,7日以内,未,,knowledge/process-patterns.md
IMG-1,画像,1,素材の選び方と規約,CC0・クレジット要否・再配布禁止の違い,CREDITS.mdを自分で読んで3つの規約の違いを説明,規約クイズ(会議室が実在の規約文で出題),5問中4問,未,,knowledge/catalog-tools.md
IMG-2,画像,2,画像AIの使い分け,GPT Image・Firefly・Canva・ローカル(ComfyUI)の得意不得意,同じ素材を2つの道具で作って比べる,どちらを選ぶかと理由を答える,理由が表と一致,未,,knowledge/catalog-tools.md
IMG-3,画像,3,キャラの一貫性,参照画像・LoRA・Kontext系で同じキャラを揃える,1キャラを5ポーズ揃える(ComfyUI),5枚を並べて人間が判定,別人に見えない,未,,knowledge/catalog-tools.md
IMG-4,画像,2,手入れ(Photoshop),切り抜き・生成塗りつぶし・色調整,1作品のキービジュアルを自分で仕上げる,作業時間と出来,30分以内,未,,knowledge/catalog-tools.md
SND-1,音,1,効果音とBGMの当て方,どの場面にどの音を、音量バランス,1作品の音を自分で差し替えて比べる,遊んで違いを説明,説明できる,未,,knowledge/catalog-tools.md
SND-2,音,2,音の加工,ffmpeg/Audacityで切る・音量をそろえる・ループ,BGMのループ継ぎ目を消す,継ぎ目が聞こえない,合格,未,,knowledge/catalog-tools.md
PRG-1,プログラム,1,読めるようになる,JS/TSの変数・関数・イベント。AIの書いたコードを読む,AIが書いた入力処理を1つ読んで説明,説明の正確さ(会議室が採点),要点3つ正解,未,,雛形 docs/knowledge/web-game-rules.md
PRG-2,プログラム,2,ロジックと描画の分離,ゲームの中身と見た目を分ける理由,seed＋リプレイでバグを再現させる,?replay=のURLでバグを再現して渡す,1回で再現,未,,雛形 docs/knowledge/web-game-rules.md
PRG-3,プログラム,3,デバッグの勘,キャッシュ・入力・スマホの3大罠(AGENTS.md),実機で詰まった時に原因を当てる,症状→原因の逆引きクイズ,5問中4問,未,,雛形 docs/knowledge/web-game-rules.md
OPS-1,サーバー・公開,1,GitHubとActions,commit・push・Actionsの赤と緑の読み方,赤くなったActionsを自分で開いて原因を言う,ログを見て原因を1行で,正解,未,,knowledge/permissions-ledger.md
OPS-2,サーバー・公開,2,鍵と権限,secret・トークン・期限・漏れた時の対処,新しい鍵を1つ自分でsecretに入れる,台帳(permissions-ledger)に正しく書けた,正しく書けた,未,,knowledge/permissions-ledger.md
OPS-3,サーバー・公開,3,オンライン機能,ランキング・セーブのサーバー(Firebase等)の仕組みと費用,1作品にランキングを付ける,無料枠の範囲で動く,動く,未,,knowledge/permissions-ledger.md
BIZ-1,手続き・ビジネス,1,Web公開の手続き,itch.io・PLiCy等への投稿,公開キットで1作品を3サイトに出す,自分だけで完了,完了,未,,knowledge/tables/procedures.csv
BIZ-2,手続き・ビジネス,3,Steamの手続き,登録・税・審査・ウィッシュリスト(手続き表),Steamworks登録まで進める,手続き表のどこまで来たか,登録完了,未,,knowledge/tables/procedures.csv
BIZ-3,手続き・ビジネス,3,BOOTHで売る,ショップ開設・商品登録・価格の決め方,素材集か漫画を1つ出品,出品できた,出品,未,,knowledge/tables/procedures.csv
BIZ-4,手続き・ビジネス,4,お金と税,売上・経費・確定申告の基本,1年分の売上と経費を表にする,—,作れた,未,,knowledge/tables/procedures.csv
GD-1,ゲームデザイン,1,面白さの核,1つの遊びを30秒で伝える。ジャンルの作法(ジャンル表),企画を「一言＋作法」で書く,会議室が企画を読んで核を当てる,当たる,未,,knowledge/tables/genres.csv
GD-2,ゲームデザイン,3,手触りと調整,数値バランス・難易度曲線をbotで測る,botで難易度を測って調整,クリア率の目標に合う,合う,未,,knowledge/tables/genres.csv
PUB-1,発信,5,手法を言語化,自分の手法を他人が再現できる形で書く,週次レビューの発信の種から1本noteを出す,反応・再現した人,1本公開,未,,knowledge/promotion.md
PUB-2,発信,7,プラットフォーム化,自作の雛形・道具を他人が使える形で公開,雛形かスキルを1つ公開,外部からの利用・言及,1件以上,未,,knowledge/promotion.md
